{
    "root_group": {
        "name": "",
        "path": "",
        "id": "d41d8cd98f00b204e9800998ecf8427e",
        "groups": {},
        "checks": {
                "status is 200": {
                    "path": "::status is 200",
                    "id": "6210a8cd14cd70477eba5c5e4cb3fb5f",
                    "passes": 86315,
                    "fails": 0,
                    "name": "status is 200"
                }
            }
    },
    "metrics": {
        "http_req_connecting": {
            "avg": 0.00027214447083357475,
            "p(95)": 0
        },
        "http_req_sending": {
            "avg": 0.055247388634652256,
            "p(95)": 0.5097549999999988
        },
        "http_req_waiting": {
            "avg": 19.81646396223175,
            "p(95)": 45.202334999999955
        },
        "iteration_duration": {
            "avg": 42.08244888373948,
            "p(95)": 77.1451
        },
        "vus": {
            "value": 1,
            "min": 1,
            "max": 50
        },
        "vus_max": {
            "value": 50,
            "min": 50,
            "max": 50
        },
        "http_req_receiving": {
            "avg": 1.059402890575214,
            "p(95)": 7.437419999999995
        },
        "http_req_duration{expected_response:true}": {
            "avg": 20.931114241441726,
            "p(95)": 49.222609999999975
        },
        "http_reqs": {
            "count": 172630,
            "rate": 2030.6380237145208
        },
        "http_req_failed": {
            "passes": 0,
            "fails": 172630,
            "value": 0
        },
        "http_req_duration": {
            "avg": 20.931114241441726,
            "p(95)": 49.222609999999975,
            "thresholds": {
                "p(95)<500": false
            }
        },
        "iterations": {
            "count": 86315,
            "rate": 1015.3190118572604
        },
        "http_req_blocked": {
            "avg": 0.010469732375601004,
            "p(95)": 0
        },
        "checks": {
            "fails": 0,
            "passes": 86315,
            "value": 1
        },
        "data_sent": {
            "count": 11165935,
            "rate": 131344.33285827955
        },
        "http_req_tls_handshaking": {
            "avg": 0.0078275125992006,
            "p(95)": 0
        },
        "data_received": {
            "count": 39545646,
            "rate": 465173.44864712993
        }
    }
}